{
  "streets":{
    "1":{
      "coors":[[50,50],[200,50],[300,200],[400,200],[400,100],[550,100]],
      "color":"#008000",
      "name": "Hospodarska"
    },
    "2":{
      "coors":[[350,200],[350,300],[150,300]],
      "color":"#FF0000",
      "name": "Kollarova"
    },
    "3":{
      "coors":[[350,250],[500,250],[500,100]],
      "color":"#FFA500",
      "name": "Hlboka"
    },
    "4":{
      "coors":[[550,100],[550,0],[800,0]],
      "color":"#880202",
      "name": "Trstinska"
    },
    "5":{
      "coors":[[50,50],[50,0],[400,0],[550,0]],
      "color":"#067fff",
      "name": "Okruzna"
    },
    "6":{
      "coors":[[400,100],[400,0]],
      "color":"#fb06ff",
      "name": "Spajava"
    },
    "7":{
      "coors":[[800,0],[800,400]],
      "color":"#fb06ff",
      "name": "Dialnicna"
    },
    "8":{
      "coors":[[600,350],[700,350],[800,400]],
      "color":"#014645",
      "name": "Rychlocestna"
    },
    "9":{
      "coors":[[600,350],[600,250],[500,200]],
      "color":"#cb1a1a",
      "name": "Primestska"
    },
    "b10":{
      "coors":[[500,550],[500,350],[500,250]],
      "color":"#000000",
      "name": "Odmestska"
    },
    "b11":{
      "coors":[[50,350],[237,350],[600,350]],
      "color":"#900caa",
      "name": "Krizna"
    },
    "b12":{
      "coors":[[50,500],[300,300]],
      "color":"#160caa",
      "name": "Sikma"
    },
    "b13":{
      "coors":[[50,500],[50,50]],
      "color":"#aa0c71",
      "name": "Okolna"
    },
    "b14":{
      "coors":[[50,500],[400,650],[500,550]],
      "color":"#231bc9",
      "name": "Obchvatna"
    },
    "b15":{
      "coors":[[400,650],[400,450],[440,450],[360,400],[440,400]],
      "color":"#018143",
      "name": "Mozzartova"
    },
    "b16":{
      "coors":[[400,450],[300,450],[237,350]],
      "color":"#050181",
      "name": "Beethovenova"
    },
    "b17":{
      "coors":[[400,650],[650,650],[650,450]],
      "color":"#810101",
      "name": "Vodova"
    },
    "b18":{
      "coors":[[600,350],[600,450],[650,450]],
      "color":"#018126",
      "name": "Purkynova"
    },
    "b19":{
      "coors":[[550,100],[700,100],[700,250]],
      "color":"#08bfc2",
      "name": "Skladova"
    },
    "c20":{
      "coors":[[700,250],[800,250],[900,250]],
      "color":"#010d81",
      "name": "Posledna"
    }
  },
  "busStops":{
    "1":{
      "c":[100,50],
      "name":"Billa"
    },
    "2":{
      "c":[260,140],
      "name":"Ceska"
    },
    "3":{
      "c":[520,100],
      "name":"Trstinska"
    },
    "4":{
      "c":[200,300],
      "name":"Cervinkova"
    },
    "5":{
      "c":[400,140],
      "name":"Skacelka"
    },
    "6":{
      "c":[440,250],
      "name":"Dobrovskeho"
    },
    "7":{
      "c":[820,250],
      "name":"Dialnicna"
    },
    "8":{
      "c":[750,375],
      "name":"Rychlocestna"
    },
    "9":{
      "c":[620,350],
      "name":"Primestska"
    },
    "b10":{
      "c":[625,450],
      "name":"Purkynova"
    },
    "b11":{
      "c":[450,650],
      "name":"Vodova"
    },
    "b12":{
      "c":[500,450],
      "name":"Odmestska"
    },
    "b13":{
      "c":[100,350],
      "name":"Krizna"
    },
    "b14":{
      "c":[100,520],
      "name":"Obchvatna"
    },
    "b15":{
      "c":[400,500],
      "name":"Mozzartova"
    },
    "b16":{
      "c":[269,400],
      "name":"Beethovenova"
    },
    "b17":{
      "c":[600,0],
      "name":"Selpicka"
    },
    "b18":{
      "c":[50,100],
      "name":"Okolna"
    }

  },
  "busRoutes":{
    "1":{
      "id":1,
      "data":[[0,"b",0,0],[0,"s",0,1],[0,"b",1,0],[0,"s",0,2],[1,"s",1,0],[2,"s",2,0],[2,"s",2,1],[0,"s",2,2],[18,"b",2,0],
        [18,"s",18,1],[19,"s",18,2],[19,"b",6,0], [6,"s",19,1], [3,"s",6,0], [-1,"b",16,0]],
      "color":"#FF0000",
      "schedules":[[10,30],[10,37],[10,44],[10,51],[10,58],[11,5],[11,12],[11,19],[11,26],[11,33]]

    },
    "2":{
      "id":2,
      "data":[[1,"b",3,0],[1,"s",1,1],[0,"s",1,0],[0,"s",0,2],[0,"b",1,0],[0,"s",0,2],[0,"s",0,3],[2,"s",5,0],[2,"s",2,2],[9,"s",2,1],
        [10,"s",9,1],[10,"b",12,0],[12,"s",10,0],[4,"b",17,0],[4,"s",4,1],[0,"s",4,2],[-1,"b",4,0]
      ],
      "color":"#0000FF",
      "schedules":[[10,30],[10,35],[10,40],[10,45],[10,50],[10,55],[11,0],[11,5],[12,10],[12,15]]
    },
    "3":{
      "id":3,
      "data":[[19,"b",6,0],[6,"s",19,1],[7,"s",6,1],[7,"b",7,0],[7,"s",7,1],[7,"b",8,0],[17,"s",7,0],[17,"s",17,1]
      ,[17,"b",9,0],[16,"s",17,2],[16,"s",16,1],[16,"b",10,0],[13,"s",16,0],[9,"s",13,2], [9,"b",11,0], [10,"s",9,1],
        [10,"s",10,1], [10,"b",12,0], [12,"s",10,0], [13,"s",12,0],[13,"b",13,0], [14,"s",13,1], [14,"b",14,0], [15,"s",14,1]
      , [15,"s",15,1],[-1,"b",15,0]],
      "color":"#00FF00",
      "schedules":[[10,40],[10,55],[11,10],[11,25],[11,40],[11,55],[12,10],[12,25],[12,40],[12,55]]
    }
  }
}