{
  "streets":{
    "1":{
      "coors":[[50,50],[200,50],[300,200],[400,200],[400,100],[550,100]],
      "color":"#008000",
      "name": "Hospodarska"
    },
    "2":{
      "coors":[[350,200],[350,300],[150,300]],
      "color":"#FF0000",
      "name": "Kollarova"

    },
    "3":{
      "coors":[[350,250],[500,250],[500,100]],
      "color":"#FFA500",
      "name": "Hlboka"

    }
  },
  "busStops":{
    "1":{
      "c":[100,50],
      "name":"husitska"
    },
    "2":{
      "c":[260,140],
      "name":"ceska"
    },
    "3":{
      "c":[520,100],
      "name":"semilasso"
    },
    "4":{
      "c":[200,300],
      "name":"cervinkova"
    },
    "5":{
      "c":[400,140],
      "name":"skacelka"
    },
    "6":{
      "c":[440,250],
      "name":"dobrovskeho"
    }
  },
  "busRoutes":{
    "1":{
      "id":3,
      "data":[[0,"b",0,0],[0,"s",0,1],[0,"b",1,0],[0,"s",0,2],[1,"s",1,0],[2,"s",2,0],[2,"s",2,1],[0,"s",2,2],[-1,"b",2,0]],
      "color":"#FF0000",
      "schedules":[[10,30]]

    },
    "2":{
      "id":5,
      "data":[[1,"b",3,0],[1,"s",1,1],[0,"s",1,0],[0,"s",0,2],[0,"b",1,0],[0,"s",0,2],[0,"s",0,3],[0,"b",4,0],[0,"s",0,4],[2,"s",2,2],[2,"s",2,1],[-1,"b",5,0]],
      "color":"#0000FF",
      "schedules":[[10,33],[10,40]]
    }
  }
}